"slack","owner","path_group","path_class","start","end"
"0.349","IP_PCIE_HARD","pclk","sequential timing path","u_ips2l_pcie_wrap/U_IPS2L_PCIE_TOP/U_IPS2L_PCIE_HARD_CTRL/pcie2_iip_exrcvhdr_rams/U_ipm2l_sdpram_rcv_header_ram/ADDR_LOOP[0].DATA_LOOP[2].U_GTP_DRM18K_E1/gopdrm_18k_inv/CLKB","u_ips2l_pcie_wrap/U_IPS2L_PCIE_TOP/U_IPS2L_PCIE_HARD_CTRL/u_gtp_pcie/gateop/P_HDRQ_DATAOUT[92]"
"0.41","IP_PCIE_HARD","pclk","sequential timing path","u_ips2l_pcie_wrap/U_IPS2L_PCIE_TOP/U_IPS2L_PCIE_HARD_CTRL/pcie2_iip_exrcvhdr_rams/U_ipm2l_sdpram_rcv_header_ram/ADDR_LOOP[0].DATA_LOOP[2].U_GTP_DRM18K_E1/gopdrm_18k_inv/CLKB","u_ips2l_pcie_wrap/U_IPS2L_PCIE_TOP/U_IPS2L_PCIE_HARD_CTRL/u_gtp_pcie/gateop/P_HDRQ_DATAOUT[78]"
"0.448","IP_PCIE_HARD","pclk","sequential timing path","u_ips2l_pcie_wrap/U_IPS2L_PCIE_TOP/U_IPS2L_PCIE_HARD_CTRL/pcie2_iip_exrcvhdr_rams/U_ipm2l_sdpram_rcv_header_ram/ADDR_LOOP[0].DATA_LOOP[2].U_GTP_DRM18K_E1/gopdrm_18k_inv/CLKB","u_ips2l_pcie_wrap/U_IPS2L_PCIE_TOP/U_IPS2L_PCIE_HARD_CTRL/u_gtp_pcie/gateop/P_HDRQ_DATAOUT[104]"
"0.462","IP_PCIE_HARD","pclk_div2","sequential timing path","u_ips2l_pcie_wrap/U_IPS2L_PCIE_TOP/U_IPS2L_PCIE_HARD_CTRL/u_gtp_pcie/gateop/PCLK_DIV2","u_ips2l_pcie_dma/u_ips2l_pcie_dma_tx_top/u_ips2l_pcie_dma_tx_cpld_rd_ctrl/u_ips2l_pcie_dma_cpld_rd_ctrl/data_read_cnt[8]/opit_0_inv_L6Q_LUT6DQL5Q_perm/I3"
"0.559","IP_PCIE_HARD","pclk_div2","sequential timing path","u_ips2l_pcie_wrap/U_IPS2L_PCIE_TOP/U_IPS2L_PCIE_HARD_CTRL/u_gtp_pcie/gateop/PCLK_DIV2","u_ips2l_pcie_dma/u_ips2l_pcie_dma_tx_top/u_ips2l_pcie_dma_tx_cpld_rd_ctrl/u_ips2l_pcie_dma_cpld_rd_ctrl/data_read_cnt[9]/opit_0_inv_L6Q_LUT6DQL5Q_perm/I3"
"0.664","IP_PCIE_HARD","pclk_div2","sequential timing path","u_ips2l_pcie_wrap/U_IPS2L_PCIE_TOP/U_IPS2L_PCIE_HARD_CTRL/u_gtp_pcie/gateop/PCLK_DIV2","u_ips2l_pcie_dma/u_ips2l_pcie_dma_tx_top/u_ips2l_pcie_dma_tx_cpld_rd_ctrl/u_ips2l_pcie_dma_cpld_rd_ctrl/data_read_cnt[8]/opit_0_inv_L6Q_LUT6DQL5Q_perm/I4"
"0.669","IP_PCIE_HARD","pclk","async timing path","u_ips2l_pcie_wrap/U_IPS2L_PCIE_TOP/U_IPS2L_PCIE_HARD_CTRL/mem_button_rstn_sync/sig_async_ff/opit_0_srl/CLK","u_ips2l_pcie_wrap/U_IPS2L_PCIE_TOP/U_IPS2L_PCIE_HARD_CTRL/pcie2_iip_exrcvhdr_rams/U_ipm2l_sdpram_rcv_header_ram/ADDR_LOOP[0].DATA_LOOP[2].U_GTP_DRM18K_E1/gopdrm_18k_inv/RSTB"
"0.711","IP_PCIE_HARD","pclk","async timing path","u_ips2l_pcie_wrap/U_IPS2L_PCIE_TOP/U_IPS2L_PCIE_HARD_CTRL/mem_button_rstn_sync/sig_async_ff/opit_0_srl/CLK","u_ips2l_pcie_wrap/U_IPS2L_PCIE_TOP/U_IPS2L_PCIE_HARD_CTRL/pcie2_iip_exrcvhdr_rams/U_ipm2l_sdpram_rcv_header_ram/ADDR_LOOP[0].DATA_LOOP[2].U_GTP_DRM18K_E1/gopdrm_18k_inv/RSTA"
"0.748","IP_PCIE_HARD","pclk","async timing path","u_ips2l_pcie_wrap/U_IPS2L_PCIE_TOP/U_IPS2L_PCIE_HARD_CTRL/mem_button_rstn_sync/sig_async_ff/opit_0_srl/CLK","u_ips2l_pcie_wrap/U_IPS2L_PCIE_TOP/U_IPS2L_PCIE_HARD_CTRL/pcie2_iip_exretry_rams/U_ipml_spram_retry_data_ram/ADDR_LOOP[0].DATA_LOOP[2].U_GTP_DRM18K/gopdrm_18k_inv/RSTB"
"1.206","IP_PCIE_HARD","pclk","async timing path","u_ips2l_pcie_wrap/U_IPS2L_PCIE_TOP/U_IPS2L_PCIE_HARD_CTRL/u_gtp_pcie/gateop/PCLK_DIV2","u_ips2l_pcie_wrap/U_IPS2L_PCIE_TOP/U_IPS2L_PCIE_HARD_CTRL/core_rst_n_mem_r1/opit_0_inv_srl/RS"
"1.993","IP_PCIE_HARD","pclk","sequential timing path","u_ips2l_pcie_wrap/U_IPS2L_PCIE_TOP/U_IPS2L_PCIE_HARD_CTRL/u_gtp_pcie/gateop/PCLK_DIV2","u_pclk_rdlh_linkup_sync/sig_async_ff/opit_0_inv_srl/D"
"2.143","IP_DDR_PHY","ddrphy_sysclk","sequential timing path","u_DDR3/u_ddrphy_top/ddrphy_dfi/calib_done_r/opit_0_inv_srl/CLK","u_DDR3/u_ddrphy_top/ddrphy_slice_top/i_dqs_group[1].ddrphy_data_slice/ddrphy_data_slice_dqs_gate_cal/ddrphy_dqs_gate_coarse_cal/dqs_gate_ctrl_pos[3]/opit_0_inv_L6Q_perm/I5"
"2.221","IP_DDR_PHY","ddrphy_sysclk","sequential timing path","u_DDR3/u_ddrphy_top/ddrphy_dfi/calib_done_r/opit_0_inv_srl/CLK","u_DDR3/u_ddrphy_top/ddrphy_slice_top/i_dqs_group[0].ddrphy_data_slice/ddrphy_data_slice_dqs_gate_cal/ddrphy_dqs_gate_coarse_cal/dqs_gate_ctrl_pos[3]/opit_0_inv_L6Q_perm/I0"
"2.242","IP_DDR_PHY","ddrphy_sysclk","sequential timing path","u_DDR3/u_ddrphy_top/ddrphy_dfi/calib_done_r/opit_0_inv_srl/CLK","u_DDR3/u_ddrphy_top/ddrphy_slice_top/i_dqs_group[1].ddrphy_data_slice/ddrphy_data_slice_dqs_gate_cal/ddrphy_dqs_gate_coarse_cal/dqs_gate_ctrl_pos[1]/opit_0_inv_L6Q_perm/I1"
"2.294","IP_PCIE_HARD","pclk","sequential timing path","u_ips2l_pcie_wrap/U_IPS2L_PCIE_TOP/U_IPS2L_PCIE_HARD_CTRL/u_gtp_pcie/gateop/PCLK_DIV2","u_pclk_smlh_linkup_sync/sig_async_ff/opit_0_inv_srl/D"
"2.815","RTL_OWNED","pclk_div2","async timing path","u_pclk_div2_core_rstn_sync/sig_async_ff/opit_0_inv_srl/CLK","u_ips2l_pcie_dma/u_ips2l_pcie_dma_tx_top/u_ips2l_pcie_dma_mrd_tx_ctrl/mrd_addr[63]/opit_0_inv_AQ_perm/RS"
"2.895","RTL_OWNED","pclk_div2","async timing path","u_pclk_div2_core_rstn_sync/sig_async_ff/opit_0_inv_srl/CLK","u_ips2l_pcie_dma/u_ips2l_pcie_dma_tx_top/u_ips2l_pcie_dma_mrd_tx_ctrl/mrd_addr[62]/opit_0_inv_AQ_perm/RS"
"2.968","RTL_OWNED","pclk_div2","async timing path","u_pclk_div2_core_rstn_sync/sig_async_ff/opit_0_inv_srl/CLK","u_ips2l_pcie_dma/u_ips2l_pcie_dma_rx_top/ips2l_pcie_dma_bar0/U_ipm2l_sdpram_ips2l_pcie_dma_ram/ADDR_LOOP[2].DATA_LOOP[6].U_GTP_DRM18K_E1/gopdrm_18k_inv/RSTA"
"3.73","RTL_OWNED","cmos1_pclk","sequential timing path","cam_pair_word0[7]/opit_0_inv/CLK","cam_pending_pixel[10]/opit_0_inv_L6Q_LUT6DQL5Q_perm/I0"
"3.776","RTL_OWNED","cmos1_pclk","sequential timing path","cam_pair_word0[7]/opit_0_inv/CLK","cam_pending_pixel[14]/opit_0_inv_L6Q_LUT6DQL5Q_perm/I2"
"3.815","RTL_OWNED","cmos1_pclk","sequential timing path","cam_pair_word0[7]/opit_0_inv/CLK","cam_bgrx_data_r[15]/opit_0_inv_L6Q_perm/I0"
"4.49","IP_DDR_PHY","ddrphy_sysclk","async timing path","u_DDR3/u_ddrc_rstn_sync/sig_async_r1[0]/opit_0_srl/CLK","u_DDR3/u_ips_ddrc_top/mcdq_ui_axi/old_row_addr_array[4][3]/opit_0_inv/RS"
"4.49","IP_DDR_PHY","ddrphy_sysclk","async timing path","u_DDR3/u_ddrc_rstn_sync/sig_async_r1[0]/opit_0_srl/CLK","u_DDR3/u_ips_ddrc_top/mcdq_ui_axi/old_row_addr_array[4][4]/opit_0_inv/RS"
"4.567","IP_DDR_PHY","ddrphy_sysclk","async timing path","u_DDR3/u_ddrc_rstn_sync/sig_async_r1[0]/opit_0_srl/CLK","u_DDR3/u_ips_ddrc_top/mcdq_ui_axi/u_user_cmd_fifo/data_0[43]/opit_0_inv_L7Q_perm/RS"
"5.906","IP_PCIE_HARD","ref_clk","sequential timing path","u_ips2l_pcie_wrap/U_IPS2L_PCIE_TOP/U_IPS2L_HSSTLP_PCIE_SOFT_PHY/hsst_pciex4_rst/hsst_tx_rst_mcrsw/tx_rst_fsm_multi_sw_lane/cntr[5]/opit_0_L6QL5Q_perm/CLK","u_ips2l_pcie_wrap/U_IPS2L_PCIE_TOP/U_IPS2L_HSSTLP_PCIE_SOFT_PHY/hsst_pciex4_rst/hsst_tx_rst_mcrsw/tx_rst_fsm_multi_sw_lane/hsst_fsm_reg[0]/opit_0/CE"
"5.906","IP_PCIE_HARD","ref_clk","sequential timing path","u_ips2l_pcie_wrap/U_IPS2L_PCIE_TOP/U_IPS2L_HSSTLP_PCIE_SOFT_PHY/hsst_pciex4_rst/hsst_tx_rst_mcrsw/tx_rst_fsm_multi_sw_lane/cntr[5]/opit_0_L6QL5Q_perm/CLK","u_ips2l_pcie_wrap/U_IPS2L_PCIE_TOP/U_IPS2L_HSSTLP_PCIE_SOFT_PHY/hsst_pciex4_rst/hsst_tx_rst_mcrsw/tx_rst_fsm_multi_sw_lane/hsst_fsm_reg[6]/opit_0_L6Q_perm/CE"
"5.906","IP_PCIE_HARD","ref_clk","sequential timing path","u_ips2l_pcie_wrap/U_IPS2L_PCIE_TOP/U_IPS2L_HSSTLP_PCIE_SOFT_PHY/hsst_pciex4_rst/hsst_tx_rst_mcrsw/tx_rst_fsm_multi_sw_lane/cntr[5]/opit_0_L6QL5Q_perm/CLK","u_ips2l_pcie_wrap/U_IPS2L_PCIE_TOP/U_IPS2L_HSSTLP_PCIE_SOFT_PHY/hsst_pciex4_rst/hsst_tx_rst_mcrsw/tx_rst_fsm_multi_sw_lane/hsst_fsm_reg[8]/opit_0_L6Q_LUT6DL5Q_perm/CE"
"6.744","RTL_OWNED","ref_clk","async timing path","u_refclk_perstn_debounce/rstn_out/opit_0_inv_L6Q_perm/CLK","ref_led_cnt[22]/opit_0_inv_AQ_perm/RS"
"6.824","RTL_OWNED","ref_clk","async timing path","u_refclk_perstn_debounce/rstn_out/opit_0_inv_L6Q_perm/CLK","ref_led_cnt[20]/opit_0_inv_AQ_perm/RS"
"6.904","RTL_OWNED","ref_clk","async timing path","u_refclk_perstn_debounce/rstn_out/opit_0_inv_L6Q_perm/CLK","ref_led_cnt[16]/opit_0_inv_AQ_perm/RS"
"7.987","RTL_OWNED","cmos1_pclk","async timing path","u_cmos1_init_done_sync/sig_synced/opit_0_inv/CLK","u_cmos1_8_16bit/byte_hi[1]/opit_0_inv/RS"
"7.987","RTL_OWNED","cmos1_pclk","async timing path","u_cmos1_init_done_sync/sig_synced/opit_0_inv/CLK","u_cmos1_8_16bit/byte_hi[5]/opit_0_inv/RS"
"7.987","RTL_OWNED","cmos1_pclk","async timing path","u_cmos1_init_done_sync/sig_synced/opit_0_inv/CLK","u_cmos1_8_16bit/byte_hi[6]/opit_0_inv/RS"
"24.395","RTL_OWNED","cfg_clk","sequential timing path","rstn_1ms[8]/opit_0_inv_AQ_perm/CLK","rstn_1ms[13]/opit_0_inv_AQ_perm/CE"
"24.537","RTL_OWNED","cfg_clk","sequential timing path","rstn_1ms[8]/opit_0_inv_AQ_perm/CLK","rstn_1ms[12]/opit_0_inv_AQ_perm/CE"
"24.605","RTL_OWNED","cfg_clk","sequential timing path","rstn_1ms[8]/opit_0_inv_AQ_perm/CLK","rstn_1ms[0]/opit_0_inv_L6Q_LUT6DL5Q_perm/CE"
"36.141","RTL_OWNED","sys_clk","sequential timing path","u_power_on_delay/camera_pwnd_reg/opit_0_inv_L6Q_LUT6DQL5_perm/CLK","u_power_on_delay/camera_rstn_reg/opit_0_L6Q_perm/RS"
"36.225","RTL_OWNED","clock_20k","sequential timing path","u_power_on_delay/initial_en/opit_0_inv_L6Q_perm/CLK","u_cmos1_config/post_reset_wait_cnt[0]/opit_0_inv_L5Q_perm/CE"
"36.225","RTL_OWNED","clock_20k","sequential timing path","u_power_on_delay/initial_en/opit_0_inv_L6Q_perm/CLK","u_cmos1_config/post_reset_wait_cnt[15]/opit_0_inv_AQ_perm/CE"
"36.254","RTL_OWNED","sys_clk","sequential timing path","u_power_on_delay/camera_pwnd_reg/opit_0_inv_L6Q_LUT6DQL5_perm/CLK","u_power_on_delay/cnt2[0]/opit_0_L6Q_LUT6DQL5_perm/RS"
"36.254","RTL_OWNED","sys_clk","sequential timing path","u_power_on_delay/camera_pwnd_reg/opit_0_inv_L6Q_LUT6DQL5_perm/CLK","u_power_on_delay/cnt2[15]/opit_0_AQ_perm/RS"
"36.477","RTL_OWNED","clock_20k","sequential timing path","u_power_on_delay/initial_en/opit_0_inv_L6Q_perm/CLK","u_cmos1_config/post_reset_wait_cnt[12]/opit_0_inv_AQ_perm/CE"
"37.156","IP_DDR_PHY","ddr_rst_clk","sequential timing path","u_DDR3/u_ddrphy_top/ddrphy_cpd_ctrl/cpd_state_reg[8]/opit_0_inv_L6QQ_perm/CLK","u_DDR3/u_ddrphy_top/ddrphy_cpd_ctrl/cpd_state_reg[2]/opit_0_inv_L6Q_perm/CE"
"37.156","IP_DDR_PHY","ddr_rst_clk","sequential timing path","u_DDR3/u_ddrphy_top/ddrphy_cpd_ctrl/cpd_state_reg[8]/opit_0_inv_L6QQ_perm/CLK","u_DDR3/u_ddrphy_top/ddrphy_cpd_ctrl/cpd_state_reg[5]/opit_0_inv_L5Q_perm/CE"
"37.156","IP_DDR_PHY","ddr_rst_clk","sequential timing path","u_DDR3/u_ddrphy_top/ddrphy_cpd_ctrl/cpd_state_reg[8]/opit_0_inv_L6QQ_perm/CLK","u_DDR3/u_ddrphy_top/ddrphy_cpd_ctrl/cpd_state_reg[6]/opit_0_inv_L6Q_perm/CE"
"38.138","IP_DDR_PHY","ddr_rst_clk","async timing path","u_DDR3/u_ddrphy_top/u_ddrphy_rst_seq_rstn_sync/sig_async_r1[0]/opit_0_srl/CLK","u_DDR3/u_ddrphy_top/ddrphy_reset_ctrl/cnt[1]/opit_0_inv_L5Q_perm/RS"
"38.138","IP_DDR_PHY","ddr_rst_clk","async timing path","u_DDR3/u_ddrphy_top/u_ddrphy_rst_seq_rstn_sync/sig_async_r1[0]/opit_0_srl/CLK","u_DDR3/u_ddrphy_top/ddrphy_reset_ctrl/cnt[5]/opit_0_inv_L6Q_perm/RS"
"38.138","IP_DDR_PHY","ddr_rst_clk","async timing path","u_DDR3/u_ddrphy_top/u_ddrphy_rst_seq_rstn_sync/sig_async_r1[0]/opit_0_srl/CLK","u_DDR3/u_ddrphy_top/ddrphy_reset_ctrl/state_reg[4]/opit_0_inv_L6Q_perm/RS"
"38.853","RTL_OWNED","sys_clk","async timing path","u_sys_perst_rstn_sync/sig_async_ff/opit_0_inv_srl/CLK","u_sys_ddr_rstn_sync/sig_async_ff/opit_0_inv/RS"
"38.853","RTL_OWNED","sys_clk","async timing path","u_sys_perst_rstn_sync/sig_async_ff/opit_0_inv_srl/CLK","u_sys_ddr_rstn_sync/sig_synced/opit_0_inv/RS"
